llm_call_index,agent_name,state_keys_count,state_token_estimate,state_persistable_only,prompt_token_count,candidates_token_count,cached_content_token_count,latency_ms,call_status,request_last_message_role,request_last_message_preview
1,databricks_analyst,1,19,1,6008,199,,9522,completed,user,"## Task: EVAL-016 - Spendmend Codebase & Confluence Documentation Discovery

**Priority:** High
**Story Points:** 8.0
**Difficulty Level:** 16/15

### Description

Explore the Spendmend codebase and U"
2,databricks_analyst,1,19,1,6821,39,6144,4302,completed,user,[function_response: repo_filename_search] [function_response: repo_filename_search] [function_response: metadata_keyword_search] [function_response: repo_filename_search]
3,databricks_analyst,1,19,1,6983,2357,6656,44662,completed,user,[function_response: repo_filename_search]
4,databricks_analyst,19,3038,8,10080,72,6656,6818,completed,user,"For context: [results_processor] said: === EXECUTION RESULTS ===
Artifact ID: art_f8da7ff5636b
Iteration: 1

=== ANALYSIS INSTRUCTION ===
Investigate why repo index searches return 0 rows and still co"
5,databricks_analyst,19,3038,8,10386,942,9984,22090,completed,user,[function_response: repo_filename_search]
6,databricks_analyst,19,2083,8,13291,52,9728,6384,completed,user,"For context: [results_processor] said: === EXECUTION RESULTS ===
Artifact ID: art_7e85aec657c7
Iteration: 2

=== ANALYSIS INSTRUCTION ===
Exploration loop turn 2: Use Spark to query silo_dev_rs.repos."
7,databricks_analyst,22,2715,640,14285,98,13184,5162,completed,user,[function_response: repo_filename_search]
8,databricks_analyst,25,2744,669,14727,597,13824,17717,completed,user,[function_response: get_repo_file]
9,databricks_analyst,25,1898,669,15990,100,13824,4076,completed,user,"For context: [results_processor] said: === EXECUTION RESULTS ===
Artifact ID: art_2bd59ecd6346
Iteration: 3

=== ANALYSIS INSTRUCTION ===
Exploration loop turn 3: Identify correct repo_uc_filepath val"
10,databricks_analyst,25,1898,669,16453,1522,16000,25681,completed,user,[function_response: get_repo_file]
11,databricks_analyst,25,3059,669,18903,1066,15872,19516,completed,user,"For context: [results_processor] said: === EXECUTION RESULTS ===
Artifact ID: art_60ce2f7443de
Iteration: 4

=== ANALYSIS INSTRUCTION ===
Exploration loop turn 4: Since get_repo_file is failing to loc"
12,databricks_analyst,25,2747,669,21020,2371,19840,49621,completed,user,"For context: [results_processor] said: === EXECUTION RESULTS ===
Artifact ID: art_99462a90a60b
Iteration: 5

=== ANALYSIS INSTRUCTION ===
Exploration loop turn 5: Build project->catalog mappings and p"
13,databricks_analyst,25,2747,669,23467,13,23296,4993,completed,user,[function_response: save_artifact_to_volumes]
14,databricks_analyst,26,2757,669,23507,175,23040,7084,completed,user,[function_response: exit_loop]
